id,country,sex,ageRange,category,power,favoritesUpdatedTimestamp,favoritesCompletedTimestamp,recommendedMovies,signupTimestamp,localSignup,facebookSignup,twitterSignup,googleSignup,crowdsourcing_platform,crowdsourcing_status,crowdsourcing_startedAt,crowdsourcing_finishedAt,crowdsourcing_consistencyScore
5aa1109ff3ce7a00043ddec9,IT,m,41-50,volunteer,100,1537976693693,1537976688090,333339@0.019663261073236404 74@0.015183572242553343 11@0.014597459055363549 351286@0.014436261008568181 140607@0.013644398270251374 954@0.0135680396540377 299536@0.013557602640058116 284053@0.013328383025102626 177677@0.01305288719454794 87@0.012983809612387306,1520504991621,0,1,1,1,,,,,
5ab149687dd2d90004f53cbb,IT,f,18-23,volunteer,0,1523295188964,1523286848910,299536@0.05259203606311044 99861@0.03456831573975425 299534@0.03032345315340451 315635@0.027955852184644945 283995@0.024949097743552417 10138@0.02461497698793458 76338@0.0233398404815322 1726@0.023113559945299015 284054@0.02224072330363756 351286@0.020788447415885983 118340@0.020785166052013783 68721@0.020631517926686258 1724@0.01992011647404811 293660@0.019786210263430484 102899@0.01972010237813094 954@0.01916062255144724 100402@0.01906247154644477 383498@0.0190498392656075 98566@0.019020815773745127 177572@0.01830460574948149,1521568104793,1,1,1,1,,,,,
5ab9605e96567f0004fab518,IT,m,24-30,volunteer,0,1543096112592,1524512671153,99861@0.028298779640354824 299534@0.02829168542028013 271110@0.023625545810816138 315635@0.02303153738666993 1726@0.02227460807630296 338970@0.021281855791747042 1724@0.02084635052113868 68721@0.020750134565596476 10138@0.02074993832630461 954@0.01960019931753829,1522098270132,0,1,1,1,,,,,
5acdcd214252b300046ecd64,,,,volunteer,0,1523437360924,1523437216119,299536@0.05239520958083832 383498@0.044415274392842215 283995@0.0298479175436542 293660@0.029610453874507333 320288@0.02565858236318697 954@0.025467785356993834 333339@0.02401420895421079 56292@0.023902216793533385 284053@0.0238803995969532 177677@0.023872759216432574 291805@0.023534895814818827 315635@0.023194514829595923 246655@0.023191755353360856 956@0.022927318636370826 177572@0.022809809102551544 955@0.02242062043610654 284052@0.021663353284294827 62177@0.021549334413257383 285@0.020904540489311545 58@0.020873534284511358,1523436833257,0,1,1,1,,,,,
5acfc0a055630f00040c2f22,,,,volunteer,0,1523565974542,1523565974545,299536@0.022539444027047332 284054@0.0167184815432575 181808@0.01563258964905359 141052@0.015563221455142863 12556@0.015139466786191394 387426@0.015070784558371637 353491@0.014808516903574947 268896@0.014775583365204894 120@0.01447553033108416 98566@0.014299658636586433 122917@0.014276108321537435 157336@0.014131896337959311 351286@0.01389157427320381 140607@0.013730951690613873 121@0.013717945657273077 10336@0.013699169375581882 36648@0.01356696533871244 127585@0.013470703178351497 854@0.013259391829202199 19995@0.013252160499909882,1523564704991,1,1,1,1,,,,,
5aec11fa33df0d00043ec187,IT,m,18-23,volunteer,0,1525462970585,1525462896522,351286@0.020804726544637657 338970@0.020696317886120696 268896@0.01966975297331213 383498@0.01906458372324342 315635@0.01862358113790266 333339@0.0180810658505903 127585@0.017933703397411092 78@0.017810789496291956 19995@0.01764283599937612 44826@0.017537711726282677 49521@0.017179836596928365 9313@0.01690949573565263 447332@0.016756582315833393 284054@0.01668054247772817 281957@0.016482267323041946 62@0.01646142357083333 13811@0.016025294772943077 62764@0.015825899300197024 652@0.015695897206841933 22972@0.015690950471223125,1525420538848,1,1,1,1,,,,,
5aec1d276b8eb000040ef98f,,,,volunteer,0,1525423736437,,,1525423399259,1,1,1,1,,,,,
5aec303ee0d1c00004c2525d,IT,m,24-30,volunteer,0,1525444043877,1525432232315,315635@0.018582739951196733 274479@0.015086491896869956 299536@0.014947683109118088 168672@0.014683476855419455 290250@0.014634508486348978 311@0.013468198022362701 150540@0.013435475084117278 86834@0.013214978916724936 11130@0.01310934617143466 13@0.012936527812215428 38397@0.012837789296944176 194662@0.012820646758660036 160588@0.012721327672450912 350@0.012671015638899849 383498@0.012670494943637086 398818@0.012615876760109572 38396@0.012586997910564895 81836@0.012508663628845427 58013@0.012411950999571679 703@0.012236023474489427,1525428286642,1,1,1,1,,,,,
5aec3ff6e0d1c00004c252d0,IT,m,24-30,volunteer,0,1525443509670,1525443495805,284054@0.02782194947710906 351286@0.02773963539285021 19995@0.02648427234550825 141052@0.025897821885560814 268896@0.024587191216640165 333339@0.024108087800787065 120@0.02408755841431399 284053@0.023973901553088487 98566@0.023794904562071943 122917@0.02375682379387173 140607@0.022850376209663088 121@0.02282718086502065 127585@0.022417129246763864 122@0.022289311189350746 49051@0.021888359790196623 284052@0.0217442470605618 299534@0.02162549977419399 49521@0.021474795746160458 181808@0.020795204131920052 338970@0.020679982986447357,1525432310404,1,1,1,1,,,,,
5aec75b8e76c3900043a89e9,IT,m,24-30,volunteer,0,1525479092384,1525446657922,8392@0.01794342440187953 129@0.0173420226417472 16859@0.016940616877876933 12429@0.016706829214618812 4935@0.015268161254756647 10515@0.014412635220602883 149870@0.013943967350226141 149871@0.013865617140731226 15370@0.013734533411087704 242828@0.013249466152714037 205596@0.013244417982422527 11621@0.013208375046534509 37797@0.01299676119178578 4977@0.012778347048399696 83389@0.012348771206626254 15080@0.011949413063976138 16869@0.011566652230833242 447332@0.011162174865396172 81@0.011093291280196807 337703@0.010958510418187387,1525446073049,0,1,1,1,,,,,
5af011734a09c1000476a879,,,,volunteer,0,1525682895805,,,1525682547923,1,1,1,1,,,,,
5af03e7e4a09c1000476a880,IT,m,24-30,volunteer,0,1525721280163,1525721280166,273248@0.019912937286431242 111@0.018945704567873183 949@0.018938668429628765 155@0.018268688737191136 101@0.01698753259325074 447332@0.016796669833335387 399035@0.01660583647939306 829@0.016565153408983267 9366@0.016515269410965927 242582@0.01614262053676173 273481@0.0158977768527727 13389@0.01572729864445858 968@0.015591316616120442 338970@0.015546798918411079 16869@0.015469583014304365 6075@0.015369702495190698 49026@0.01531561872072185 241554@0.015132151702250636 2034@0.015000887328628367 574@0.014966043985867868,1525694078596,1,1,1,1,,,,,
5af03ece4a09c1000476a882,IT,m,18-23,volunteer,0,1525695243656,1525694944468,27205@0.029290253005993503 954@0.025547496735262985 335984@0.0249419082356782 56292@0.023978096846846188 177677@0.023944556988512073 315635@0.02326243434593442 155@0.02277019345658169 955@0.02249090451270875 299536@0.02245508982035928 447332@0.022324349730792344 347882@0.02227391940166747 119450@0.02207484622851606 61791@0.021566730374523176 374720@0.021037841684703792 351286@0.020772193743160507 338970@0.020663673851600003 68718@0.019446733012868367 16869@0.0192777537180554 135397@0.01918440322143047 383498@0.019035117596932376,1525694159087,1,1,1,1,,,,,
5af0456c4a09c1000476a8de,IT,m,18-23,volunteer,0,1525696371109,1525696371116,299536@0.030075187969924814 383498@0.025498387339990162 283995@0.02502539467854799 351286@0.02085371726648531 118340@0.02084796111561503 333339@0.018123576193499212 299534@0.017341363670545458 135397@0.014432506110131449 98566@0.014299658636586433 315635@0.013988181357247139 177572@0.013760555140588384 127585@0.013470703178351497 263115@0.013384693146519005 62177@0.013001488816767524 207703@0.012951786027461531 49521@0.012905184583153635 320288@0.012891468683281334 608@0.01287321379715119 257344@0.012817645013403238 954@0.012803804246143566,1525695852500,0,1,1,1,,,,,
5af04c134a09c1000476a8fa,IT,f,< 18,volunteer,0,1525783666460,1525697972509,299534@0.030275699683871587 284053@0.029943928289606805 99861@0.024616660465504578 333339@0.024070448319443136 62764@0.023720288474181155 315635@0.023245417203033223 387426@0.0225354773009271 284054@0.022207127044870736 18239@0.0221113813440133 8966@0.021999551910577557 50620@0.021851040440692894 284052@0.021711817161888327 181808@0.020763162214921718 351286@0.02075596546679866 141052@0.020669393693570237 338970@0.020647390420668876 268896@0.019623398488693173 98566@0.018990671850173425 157336@0.018769664844848252 50619@0.01838714538854733,1525697555871,1,1,1,1,,,,,
5af0564a4a09c1000476a91a,IT,f,51-60,volunteer,0,1525701047891,1525701047896,299536@0.06010518407212623 299534@0.03465537503246229 283995@0.0299389172922629 351286@0.027717929887847978 99861@0.024635366134551313 333339@0.0240892533571927 135397@0.023998879891942715 131631@0.021503132323178388 27205@0.019495766386911615 262500@0.019450784274798114 954@0.019145641611219368 315635@0.01859633376242658 1726@0.01846278900638149 87101@0.018371475476790963 271110@0.018334904808911312 286217@0.018056737207017427 56292@0.017969311276978307 74@0.017964412310901325 284053@0.017952309783010555 177677@0.017944925316334178,1525700170857,1,1,1,1,,,,,
5af064382ebf6c0004745bc9,,,,volunteer,0,1525703933206,1525703933211,299534@0.03039536648104104 271110@0.027624680521951255 284053@0.02403035501043485 315635@0.0233307528021633 284054@0.02229130872434333 284052@0.021793073962643898 283995@0.019989750375292076 99861@0.019753323279859576 1726@0.018518992321469408 102651@0.017388930332949047 812@0.01693836192918824 68721@0.016529922746051626 10138@0.016422176326274334 1724@0.01596080030044661 181808@0.015620508822431446 100402@0.01527351115264525 11970@0.015148752843567936 102899@0.0148122841060961 10195@0.014397476058412394 13761@0.014382061722344441,1525703736412,1,1,1,1,,,,,
5af073fa2ebf6c0004745be5,IT,f,51-60,volunteer,0,1526303918916,1525893092314,240@0.0155366869373613 949@0.01510449509697902 242@0.014089886503395871 315635@0.013957460607560652 286217@0.013552994349291799 82693@0.01353769754502068 311@0.013500113183553132 150540@0.013466480026619087 78@0.013347498869148213 27022@0.01327199267788207 11130@0.013141036774588813 13@0.012966130850687317 7270@0.012852912734892693 194662@0.012850187419394275 238@0.012825946555065368 350@0.012701523702235883 383498@0.012699892843738333 398818@0.012645772202669074 13389@0.012541609214797668 9504@0.012402044501257894,1525707770711,1,1,1,1,,,,,
5af0b3cd6694dc000498c0cc,,,,volunteer,0,1525724275986,1525724275995,99861@0.029697839847086592 315635@0.023347895162782083 299534@0.02169382678769855 76338@0.018715875226667775 271110@0.018402811863759132 10195@0.01440892079295803 1726@0.013889244241102057 216015@0.013814517323551363 399055@0.013486041905111885 341174@0.01329524859707861 8966@0.013242139921113914 11130@0.013172880967095893 284052@0.013066064389271015 13@0.012995869682913665 350@0.012732179028950854 398818@0.012675809666333372 150689@0.012556630276273075 68721@0.01239744205953872 10138@0.012316632244705751 152601@0.01216665336040464,1525724109722,1,1,1,1,,,,,
5af1641c25098700046a38d5,IT,f,< 18,volunteer,0,1525769686825,1525769673763,297762@0.03108282173720311 141052@0.025836742116962793 271110@0.02290172936585069 299534@0.021574536302613013 209112@0.020480854454876875 294254@0.019709825758527783 99861@0.019663467374113435 297761@0.018708333394368185 76338@0.018613522784021935 1726@0.01843481508364455 140607@0.018225281250747082 333339@0.018024694639832417 19995@0.017589654881066015 284052@0.017343587082110052 49521@0.017125939070349764 68721@0.016456018471479116 10138@0.016349296845536432 76757@0.01619193321712387 1979@0.016061348489520223 1724@0.01588690770646306,1525769244920,1,1,1,1,,,,,
5af1664c25098700046a3907,IT,m,18-23,volunteer,0,1525770433109,1525770433111,82633@0.013291357717197786 374720@0.01265983061379528 281957@0.012390741292185018 273248@0.011938242242478777 16869@0.011602187260728274 49026@0.011486714040541387 447332@0.011197779888890258 154400@0.010920448631206909 337167@0.01084799394927011 561@0.010667689214383325 338970@0.010364532612274052 8326@0.01014950781412014 281338@0.009969011933631297 33909@0.009822118732387431 290764@0.00972747695232629 210479@0.009498851298327343 157336@0.009421264225306206 15487@0.009353063522116222 315635@0.009325454238164759 216015@0.009209678215700907,1525769804112,0,1,1,1,,,,,
5af1689725098700046a3912,IT,f,< 18,volunteer,0,1525771405217,,,1525770391138,1,1,1,1,,,,,
5af82e6f2149750004c1a169,IT,m,24-30,volunteer,100,1551890577410,1527869824744,299534@0.03212905561060983 99861@0.0234024436560117 374720@0.02263840602466193 272@0.020665077838566775 335984@0.01986531928003011 605@0.019810768740333728 604@0.01940273426125718 135397@0.01917631175363534 320288@0.019049598241192203 24428@0.018933602601558464,1526214255347,1,1,1,1,,,,,
5af846008a54140004e99cb4,IT,m,31-40,volunteer,0,1526221121468,1526220961103,181533@0.025976915982096744 1593@0.023284784190649135 299536@0.02250562640660165 18360@0.021802048528459843 812@0.0211729524114853 98566@0.019051055544450607 333339@0.018095213789440526 879@0.0177096930468533 62177@0.017321560233132603 82702@0.01694294375221104 284054@0.016693169686265438 353486@0.016510663862438005 808@0.016094056388321065 62764@0.01583829233018935 166426@0.01565922423053874 181808@0.015608446653456596 116745@0.015584036243013211 141052@0.01553869313133649 338970@0.015522238414590524 810@0.015284753174322707,1526220289166,1,1,1,1,,,,,
5af8479b8a54140004e99cba,IT,m,24-30,volunteer,0,1526222801321,1526222801323,158015@0.016944878680930947 955@0.01693453628533617 447332@0.016810074996809716 335988@0.015936881411284468 299536@0.015026296018031557 335984@0.015010944925925383 406990@0.014849339158193278 262500@0.014645566883033567 135397@0.014443599504528165 604@0.014442410735066136 605@0.014264092410581231 198663@0.014178330044525213 351286@0.013902478177656875 87101@0.013832682771673257 245891@0.013802414007747574 10200@0.013647453682712626 76341@0.013441395753522378 347882@0.013406845604882835 78@0.013389973010338821 300668@0.0133806052644658,1526220700063,1,1,1,1,,,,,
5af84fa08a54140004e99cfb,IT,f,24-30,volunteer,0,1526223649440,1526223649445,155@0.022868836893938725 272@0.016988742224826794 374720@0.01689219488325885 338970@0.015559108339565798 49026@0.015326396777527425 157336@0.014142876832394399 78@0.013389973010338821 300668@0.0133806052644658 205596@0.013285232829825987 12113@0.0129269328210804 101@0.012740649444938057 11324@0.012714672100595481 399035@0.012454377359544796 281957@0.012390741292185018 11660@0.012190495248977218 1907@0.012137612127625107 157353@0.012018067445400786 291805@0.011827051478575743 597@0.01140911147778538 949@0.01135447356080508,1526222752243,1,1,1,1,,,,,
5af850238a54140004e99d09,IT,m,18-23,volunteer,0,1526223247026,1526223089440,99861@0.03956691604341056 299534@0.03907975690419562 271110@0.036832907362601676 76338@0.0327527816466686 315635@0.03266305392302862 284052@0.030510303547701456 10195@0.02881784158591606 1726@0.027778488482204114 351286@0.027761374919020154 100402@0.0267492843970652 141052@0.025918246035312835 283995@0.024968128329169163 68721@0.02479488411907744 102899@0.024687140176826834 10138@0.024633264489411503 268896@0.024606566465825853 333339@0.024126951719254035 1724@0.023941200450669917 98566@0.023813819430563255 1771@0.02353579513436437,1526222883701,1,1,1,1,,,,,
5af854732d695c0004017b6f,IT,m,> 60,volunteer,0,1526225007378,1526224791904,333339@0.030111566696490875 99861@0.029562439361461575 24428@0.02952188050782011 315635@0.027914921215121305 284054@0.027779890596569212 1726@0.027715211743064697 351286@0.027696258324214008 271110@0.02752266914631628 140607@0.0273997723781028 11@0.027121151613472373 19995@0.02644426589181413 118340@0.025961907935547687 299534@0.025930182262684218 68721@0.024739331727473828 85@0.024642919073572852 102899@0.024631663457328347 10138@0.02457848332301548 284053@0.02393641304401407 1724@0.02388565242178205 87101@0.022964344345988704,1526223987905,1,1,1,1,,,,,
5af85eef1247b3000408283c,IT,f,24-30,volunteer,0,1526228568453,1526228568455,10020@0.017226207620407406 259316@0.016339552783055534 166426@0.01568278965451246 12155@0.01554474129894878 671@0.015243599956681078 241259@0.015042148364746323 299536@0.015015015015015015 118@0.01485255041793854 11688@0.014316101924246746 75258@0.014233076922981622 269149@0.013806823262293117 177572@0.013760555140588384 109445@0.01357072365156848 25475@0.013281878932259196 76492@0.01315480308192625 13179@0.013144778344587438 102651@0.013041697749711787 62177@0.013001488816767524 674@0.012999340607051883 181533@0.012978230858771957,1526226671616,1,1,1,1,,,,,
5af85f3a1247b3000408283d,IT,m,24-30,volunteer,0,1526227284026,1526227284027,338970@0.020745477786087728 954@0.019220781491954136 56292@0.018040845159450355 177677@0.018012590947240417 956@0.01730527661639881 955@0.01692122297064644 284054@0.0167184815432575 1979@0.016150791162095116 181808@0.01563258964905359 141052@0.015563221455142863 671@0.015243599956681078 6278@0.015237498646655582 1996@0.015024069790101102 27205@0.01466850260276211 262500@0.014634034940605981 120@0.01447553033108416 135397@0.014432506110131449 10195@0.01440892079295803 98566@0.014299658636586433 122917@0.014276108321537435,1526226746657,1,1,1,1,,,,,
5af863211247b30004082864,IT,f,24-30,volunteer,0,1526230790328,1526228302472,245@0.02151976522566149 674@0.021482525247956966 634@0.02004161651683503 12445@0.020010026340338598 675@0.02000469309694559 313369@0.019567407598043807 157336@0.018668597418760608 508@0.018529117713791062 155@0.018099050913202932 672@0.017791629083446527 11130@0.017395228413082366 22705@0.017378444037512573 11631@0.01735575088558118 50646@0.017300571668147947 13@0.01717030055075866 272@0.01681689078613635 350@0.0168139161041019 447332@0.016624328311762096 150689@0.016590546468172623 12444@0.016425058159730496,1526227745729,1,1,1,1,,,,,
5af8640a1247b30004082868,IT,m,31-40,volunteer,0,1526230731215,1526228913979,218@0.02554315384829678 383498@0.025146954742654926 956@0.022764841575168195 87101@0.022750888008148378 949@0.022433269463077717 11@0.022382023406796316 158015@0.022269126085855597 447332@0.022096012558093445 300668@0.02200689151331846 19995@0.021822617826453443 126889@0.02151804979420408 320288@0.02121164039061974 351286@0.020563185601781955 324552@0.019946955757195413 106@0.019400523107029725 27205@0.019296203423895982 135397@0.01899532267413813 954@0.018952999706462515 198663@0.01864187839187574 296@0.018509788879460812,1526227978476,1,1,1,1,,,,,
5af865881247b300040828a9,IT,m,31-40,volunteer,0,1526229207113,1526229207115,284054@0.02780090412954695 168259@0.02568319479928009 283995@0.024930096145880255 284053@0.023955142631685446 19995@0.02203688824317844 337339@0.021816059711462672 284052@0.021728020010516602 351286@0.020772193743160507 118340@0.02076952634843815 141052@0.02068565600174771 268896@0.0196388256887629 13836@0.019633371572916915 383498@0.019035117596932376 98566@0.019005731859570864 140607@0.018252749647507817 333339@0.01805283623958235 87421@0.01799523647717892 127585@0.017906551689012284 102651@0.017335753175967552 274854@0.01733506559361817,1526228360787,1,1,1,1,,,,,
5af869521247b300040829ae,IT,f,51-60,volunteer,0,1526230963521,1526230923923,351286@0.027717929887847978 383498@0.025399785687476667 56292@0.023978096846846188 177677@0.023944556988512073 98566@0.023776019717181407 140607@0.022833143648418996 284054@0.02222391247725537 207703@0.021535874741923963 608@0.021405266002526364 607@0.020743819240899002 141052@0.02068565600174771 293660@0.019770883996766325 268896@0.0196388256887629 27205@0.019495766386911615 88751@0.019284248495537556 135397@0.01918440322143047 954@0.019145641611219368 1726@0.01846278900638149 87101@0.018371475476790963 177572@0.018290383056591447,1526229331024,1,1,1,1,,,,,
5af86eb21247b30004082d29,IT,f,51-60,volunteer,0,1526231932795,,,1526230706371,1,1,1,1,,,,,
5af8aca81247b30004082da2,IT,f,51-60,volunteer,0,1526248449324,1526248449331,954@0.01920570636921535 56292@0.01802649285622088 177677@0.01799901702791318 956@0.0172914765553012 955@0.016907930572397704 787@0.015600961680563127 338970@0.015534508958791781 16869@0.015457710732635674 299536@0.015003750937734435 262500@0.014622521144429267 135397@0.014421429743201186 138103@0.013893471745978735 351286@0.013880687459510077 87101@0.013811001450714525 76341@0.013420652858841016 680@0.013287049817802798 9691@0.013151087299548666 131631@0.012921944525157278 383498@0.012719567348531113 37724@0.012592899618226419,1526246568243,1,1,1,1,,,,,
5af92e441247b30004082dcb,IT,f,24-30,volunteer,0,1526280256960,1526280256963,333339@0.024183721017416983 299536@0.022539444027047332 351286@0.02085371726648531 954@0.019220781491954136 56292@0.018040845159450355 177677@0.018012590947240417 284052@0.01743445917011512 956@0.01730527661639881 955@0.01692122297064644 284054@0.0167184815432575 85@0.01648007273988349 101299@0.015969294487707508 10528@0.015601888748203029 338970@0.015546798918411079 87@0.015398149468233542 131634@0.015129173110062143 283995@0.014992312781469057 102899@0.014823412794380169 99861@0.014814992459894682 24428@0.014793525110982702,1526279748115,0,1,1,1,,,,,
5af964cc1247b30004082de9,IT,f,18-23,volunteer,0,1526295609665,1526295609682,299536@0.015003750937734435 351286@0.013880687459510077 744@0.013850798956225183 228150@0.013138982302858966 1495@0.013120961886650795 102651@0.0130317041115894 369885@0.012883654167774795 954@0.012793769916797058 1966@0.01276909606955374 53182@0.012726208994089412 383498@0.012719567348531113 272@0.012713716413699587 374720@0.012641240554156817 399035@0.01243521677899165 9664@0.012160750082370013 333339@0.012063475859627018 9361@0.012018658123877451 56292@0.0120081089137624 177677@0.011990309034157024 260346@0.011979281162379379,1526293709140,1,1,1,1,,,,,
5af9da6276fc54000471a140,IT,m,> 60,volunteer,0,1526324898110,1526324898112,399035@0.02490875471908959 49026@0.022973428081082773 155@0.022819408572121853 111@0.022717166752457583 949@0.02270894712161016 241554@0.022698227553375954 272@0.02120497161808738 242@0.021185031250949136 338970@0.020712678611722372 273481@0.019856695893258086 240@0.019450261939940386 290764@0.01943938994152886 954@0.01919065487519559 13389@0.01885763597080755 2034@0.01873603592191023 7485@0.018506458398955594 6075@0.018429345596558892 64690@0.01820020100968529 169917@0.018113650488212847 56292@0.018012163370643597,1526323810253,1,1,1,1,,,,,
5afa8a8376fc54000471a154,IT,f,41-50,volunteer,0,1526370439626,1526370336198,181533@0.021528674491432056 62764@0.019720650649036466 345@0.01968502064648715 1593@0.019295411359690595 120467@0.018551874708161054 150540@0.01790022907423805 78@0.017740391118836255 11130@0.017465088768154984 272@0.0168778657345995 955@0.016815465327079903 150689@0.016653389447218732 334543@0.01656901783769341 399035@0.016504116194680087 920@0.016320019634323456 9502@0.016099944898769043 411@0.015854801266449847 509@0.015738138660152202 13374@0.01563522799120927 260514@0.015596410108523591 140300@0.015506655376538152,1526368899580,1,1,1,1,,,,,
5afaa60576fc54000471a18d,IT,m,24-30,volunteer,0,1526377435992,1526377237372,299536@0.05212211466865228 338970@0.035934711815595925 299534@0.03003917078009134 56292@0.029736616168332872 284053@0.02971144437431483 99861@0.029339494871556137 24428@0.02930670645164066 268896@0.029251271986073076 315635@0.027712051148150944 284054@0.027571489316774993 351286@0.02748139208430544 271110@0.027320890047003114 10528@0.02703069166187326 127585@0.026678069302088606 284052@0.025880486056970887 181808@0.025775233889602515 118340@0.025768017659703418 141052@0.025655219338623476 49521@0.02554864155385642 954@0.025329480859322028,1526375941872,1,1,1,1,,,,,
5afac49c76fc54000471a1fc,IT,m,51-60,volunteer,0,1526397945596,,,1526383772283,1,1,1,1,,,,,
5afbef23e827130004593ffc,IT,m,24-30,volunteer,0,1526460397601,1526460397603,155@0.022852337011619865 272@0.021235927781033493 49026@0.01915799597190928 106646@0.017902923697365028 240@0.015571997589491666 103@0.015177982361531245 949@0.01513929808107344 1422@0.01482965989869132 168672@0.014753620853136428 290764@0.014591215428489434 1359@0.014495940421086024 242@0.014123354167299424 524@0.013968530826606994 11322@0.01390245086457996 3131@0.01389113880294598 9366@0.013201526034008364 278@0.013117342557943642 497@0.012929358750632529 359940@0.012847061851977624 50348@0.01273946774278591,1526460195071,0,1,1,1,,,,,
5afca2b9d1453b0004c4d767,IT,m,24-30,volunteer,0,1526506584377,1526506584379,254128@0.020047748184418485 954@0.019235880299096286 56292@0.018055220334876214 177677@0.018026185355502485 337339@0.017518263240568828 956@0.01731909872232245 955@0.01693453628533617 338970@0.015559108339565798 72559@0.01545918544077468 299536@0.015026296018031557 36669@0.01482728990087812 99861@0.014826284374879357 1991@0.014758562875098096 27205@0.014680218659154093 135397@0.014443599504528165 198663@0.014178330044525213 187@0.013910258315159718 351286@0.013902478177656875 87101@0.013832682771673257 155@0.013701516552893351,1526506169032,0,1,1,1,,,,,
5afd53f5435bdc00046e33b4,IT,m,24-30,volunteer,0,1526552400884,1526552400885,11130@0.017578040029388 50646@0.017479069629803442 13@0.017341083953329325 4964@0.01722765294590059 350@0.016989907174434687 171274@0.016590382639811718 337167@0.016271990923905168 42888@0.015902670845158066 313369@0.01578965376119604 339397@0.015305284020439233 7211@0.01502793655285115 416477@0.015019453026548028 120467@0.014919087890775073 11887@0.014679772828897595 164@0.014566896127010065 2280@0.01455827009510516 19913@0.014498160569966667 245@0.014472156338064281 137@0.014461013971026025 1378@0.014413936719908782,1526551541402,1,1,1,1,,,,,
5afff1c40b428c0004428f48,IT,f,> 60,volunteer,0,1526727176532,1526727176535,353486@0.01239253795684147 2270@0.00998863520039854 99861@0.00986914515466348 175@0.009856745299020666 24428@0.009855098345992888 27205@0.009771203488176993 1966@0.009576822052165306 157336@0.009413955253835838 315635@0.009318617394881648 1726@0.009252454718787377 271110@0.009187794384643058 8966@0.00882100813364731 44450@0.008694647966313283 102651@0.0086878027410596 299534@0.008657016458069778 58219@0.008631523632060881 812@0.008462620793436418 3870@0.008453331093372594 398818@0.008443854223934096 68721@0.008258779651729607,1526723012675,1,1,1,1,,,,,
5afffe3d15f82700046d4e39,IT,m,> 60,volunteer,0,1526726865301,1526726865306,435921@0.015314409707316456 53957@0.013617105796509184 58444@0.01172445301435158 25846@0.010013131824789164 20069@0.009575839102530775 9394@0.009316188906734468 10102@0.009040726670774256 9474@0.008973248836169647 12529@0.008739262491865568 178915@0.008206151004688154 24382@0.007830869646790603 56014@0.007801374539376247 56068@0.007705226384959866 85038@0.00746956683006774 38251@0.007429086812480672 44896@0.007371531997951454 50124@0.007240935716199807 15681@0.0072197509136304565 20914@0.007216982244987423 335@0.007138494053959379,1526726205910,1,1,1,1,,,,,
5b004fee15f82700046d4e76,IT,m,24-30,volunteer,0,1526747502379,1526747502381,680@0.01775710750425537 5@0.01603355404102584 273248@0.015930349829144992 64688@0.014581046377195945 256591@0.014203588116309568 184@0.013835991331180143 500@0.013546397320382488 8961@0.013498821201773823 445571@0.013453666998431557 9737@0.013395115850965292 854@0.013270110820171644 207703@0.012961904610295484 608@0.012883263144377695 383498@0.012739302906868631 607@0.012485647407130832 138832@0.012393587494993984 224141@0.012226579369535693 291805@0.011827051478575743 166426@0.011762092240884345 68718@0.011702433440168244,1526747118536,1,1,1,1,,,,,
5b0050f015f82700046d4e7d,CA,m,24-30,volunteer,0,1526747705259,1526747705261,299536@0.030052592036063114 374720@0.021099717689658803 351286@0.020837361409805712 135397@0.019243341480175265 954@0.01920570636921535 49026@0.01914452340090231 383498@0.01909414121738798 198663@0.018889659418194652 87101@0.018429111478286776 333339@0.018109383886378224 56292@0.01802649285622088 284053@0.01800863075487882 177677@0.01799901702791318 76341@0.017908021729789402 347882@0.017861595733060745 119450@0.01770142963453711 284052@0.01742141918569469 299534@0.017327687516231146 61791@0.01729385353566143 956@0.0172914765553012,1526747376166,1,1,1,1,,,,,
5b043e2a9813ed0004c15cb0,IT,f,41-50,volunteer,0,1527005592918,1527005349172,324786@0.017180409061724435 374720@0.016805631659113307 446354@0.015980917498147885 384680@0.01496985877886941 857@0.014750061956998278 567@0.01426112850637684 363676@0.013592711742418072 591@0.013447278254534876 612@0.013363682347874072 270010@0.013325688416507627 13@0.012936527812215428 1966@0.0127215211959712 101@0.012670259116512985 398818@0.012615876760109572 399035@0.01238757227025988 3291@0.01221884661513302 568@0.012162907293364299 140823@0.012101735062306532 8881@0.012065084322136946 521@0.0120556976852067,1527004714267,1,1,1,1,,,,,
5b04612abe7cce0004377520,IT,f,18-23,volunteer,0,1527014123850,1527014123851,315635@0.018650908476329518 454@0.018077747012419817 8966@0.017656186561485217 281957@0.01650806116861791 337167@0.016258878924772284 338970@0.015534508958791781 597@0.015201028645353427 1907@0.015159710199953498 146@0.015107148929566556 299536@0.015003750937734435 18239@0.014775796891819614 11887@0.014667857428874142 27205@0.014656805232265488 50620@0.014601159273595255 115290@0.014555656244189306 24021@0.014395848252416408 157336@0.014120932880753756 1587@0.013959846233230426 351286@0.013880687459510077 216015@0.013803465709692521,1527013674185,1,1,1,1,,,,,
5b0596346fdfb8000421f8bf,IT,m,24-30,volunteer,0,1528471280718,1528471243177,76757@0.028444449731997296 315635@0.02326243434593442 299534@0.021608485218903517 351286@0.020772193743160507 7459@0.0203328955635436 283995@0.019928898775976117 99861@0.019693328372403663 27205@0.019495766386911615 98566@0.019005731859570864 271110@0.018334904808911312 333339@0.01805283623958235 604@0.017983738616765006 83542@0.017944336453139823 605@0.017758795051173632 126889@0.017375322450647032 284052@0.01736945372951066 61791@0.0172399366111543 608@0.017110896928924653 257344@0.01703796968932134 607@0.01658198841996903,1527092788459,0,1,1,1,,,,,
5b05cf346fdfb8000421f8c7,IT,f,18-23,volunteer,0,1527107630046,1527107580849,299534@0.026032592145238266 315635@0.0233307528021633 271110@0.023003514829698916 284053@0.01800863075487882 11130@0.01756384128946119 284052@0.01742141918569469 150689@0.016742173701697432 284054@0.016705816026936847 283995@0.014980876997501499 99861@0.014803717731995217 24428@0.014782647518989334 11887@0.014667857428874142 1726@0.013878682078181067 216015@0.013803465709692521 4347@0.01373486428827473 8587@0.013613572673964534 150540@0.013487229610635448 399055@0.013475603792182232 341174@0.01328465477349528 8966@0.013231512200470964,1527107380717,1,1,1,1,,,,,
5b05d08f6fdfb8000421f901,IT,m,> 60,volunteer,0,1529598693435,,351286@0.034783498032865 299536@0.030052592036063114 283995@0.025006276729977673 135397@0.02407266584088028 333339@0.018109383886378224 284053@0.01800863075487882 299534@0.017327687516231146 284054@0.016705816026936847 607@0.016634380168531335 329@0.0160680956527509 181808@0.015620508822431446 141052@0.015550947621187701 72559@0.015434470516009253 102899@0.0148122841060961 99861@0.014803717731995217 24428@0.014782647518989334 268896@0.014763939879495513 27205@0.014656805232265488 262500@0.014622521144429267 98566@0.014288291658337953,1527107727783,1,1,1,1,,,,,
5b05d0db6fdfb8000421f902,IT,f,18-23,volunteer,0,1527107951717,1527107951719,315635@0.013998451681297982 216015@0.01382558664832985 4347@0.013756426084645649 399055@0.01349649620116236 341174@0.01330585933019679 8966@0.013252784728124457 11130@0.013183530022041 299534@0.013006022752909095 13@0.013005812964996996 350@0.012742430380826016 398818@0.01268585388952381 18240@0.012651147339931267 150689@0.012566200878617793 152601@0.012176317104138083 313369@0.01184224032089703 14055@0.011794210074286363 162@0.011667077520699013 38@0.011562180047322377 597@0.01140911147778538 4348@0.01139330386821875,1527107803809,1,1,1,1,,,,,
5b05d1c46fdfb8000421f926,IT,f,< 18,volunteer,0,1527108232241,1527108232246,299536@0.052790346907993974 299534@0.030443498494471033 99861@0.029720527272485437 24428@0.029674392067639103 271110@0.023037644673659895 351286@0.020870098819719 68721@0.02070890546579611 10195@0.019242486579130788 954@0.019235880299096286 76338@0.01873058896505352 1726@0.01854722249269116 56292@0.018055220334876214 177677@0.018026185355502485 284052@0.017447518690092735 956@0.01731909872232245 955@0.01693453628533617 10138@0.016446614088664626 1724@0.01598558415184482 291805@0.015780820799798864 118340@0.015635970836711276,1527108036636,1,1,1,1,,,,,
5b06766a6fdfb8000421f93a,IT,f,> 60,volunteer,0,1527154258609,,,1527150186492,1,1,1,1,,,,,
5b09ae4278860e00046891e3,IT,m,> 60,volunteer,0,1527403843340,1527403795319,299536@0.022488755622188904 49521@0.021491705034149558 351286@0.020804726544637657 383498@0.01906458372324342 333339@0.0180810658505903 284054@0.01668054247772817 118340@0.015588874539010334 141052@0.015526457939894493 88751@0.015439890617317844 283995@0.014958057687528154 102899@0.014790076783598203 99861@0.014781219680730788 24428@0.014760940253910055 268896@0.014740707873390877 38055@0.014726922651918158 27205@0.014633466370430672 1452@0.014543224932421358 135397@0.014399327935165629 98566@0.014265611830308847 198663@0.014134091885259922,1527361090329,1,1,1,1,,,,,
5b0bf18ec82fd50004fe0dce,IT,f,18-23,volunteer,0,1527532848699,1527532848701,11130@0.013172880967095893 11631@0.013141475381241137 10020@0.012909482758049408 812@0.01270377144689118 46195@0.011707258490572347 10198@0.011633671745360475 9880@0.011604832962599291 11224@0.011556447798484538 11970@0.011361564632675954 10882@0.010889727929187671 337167@0.010839252616514855 13761@0.01078654629175833 15969@0.010632054334569633 7518@0.010612437236256399 172385@0.010567662442443494 10982@0.010529812355887338 18269@0.010529018641447759 43347@0.010412931560496722 3933@0.010407142110274019 159824@0.010378777688569972,1527509390395,1,1,1,1,,,,,
5b10000baf6733000418ca7b,IT,f,18-23,volunteer,0,1527775359027,,,1527775243324,0,1,1,1,,,,,
5b10425eaf6733000418ca7d,IT,f,18-23,volunteer,0,1527792544864,1527792544866,857@0.014830537743201698 155@0.013701516552893351 363676@0.01366704688475942 278@0.013127574494416296 324786@0.012944054395668524 497@0.012939587673694738 1852@0.012818936097004557 272@0.012732263045958812 374720@0.01265983061379528 12100@0.012423144963673026 568@0.0122299997685838 140823@0.012169831642239125 424@0.011889823245670733 6538@0.011779754253021857 429351@0.01176853382171328 8358@0.011657115466291583 49026@0.011486714040541387 197@0.011373503309623058 70@0.01133715019367851 11296@0.011312233271274478,1527792222201,1,1,1,1,,,,,
5b1a906726e9f300047b2d88,IT,m,24-30,volunteer,0,1528467928742,1528467889428,351286@0.02085371726648531 383498@0.019108954360302945 299534@0.017341363670545458 158015@0.01693119137989627 447332@0.016796669833335387 284054@0.0167184815432575 679@0.016662811867753424 348@0.0166212666189997 10138@0.016434386122799446 8077@0.015761716248616647 141052@0.015563221455142863 100402@0.015285305369751541 315837@0.015259644493665379 10016@0.014855610336329157 102899@0.014823412794380169 353491@0.014808516903574947 268896@0.014775583365204894 8078@0.014760450201124745 6479@0.014673659025541403 27205@0.01466850260276211,1528467559153,0,1,1,1,,,,,
5b1a991426e9f300047b2ddc,IT,m,24-30,volunteer,0,1528470282201,1528470282202,383498@0.019123790504992622 299536@0.015026296018031557 127585@0.01348093927499158 263115@0.013394192573876364 22@0.012981179231920305 954@0.012813854327969425 1865@0.012637343595409325 285@0.012622171478344405 58@0.01260382857752118 224141@0.012226579369535693 333339@0.012082384128999472 56292@0.012027230106300238 177677@0.012008393964826945 166426@0.011762092240884345 7131@0.011706542096658354 956@0.011536851077599207 955@0.011280815313764295 284054@0.011145654362171666 198184@0.01107419450014379 64688@0.01092709179022375,1528469780599,1,1,1,1,,,,,
5b1e6c521f18670004343b18,IT,m,24-30,volunteer,0,1528720822509,,,1528720466568,1,1,1,1,,,,,
5b1e6e471f18670004343b24,IT,m,24-30,volunteer,0,1528721028527,,,1528720967440,1,1,1,1,,,,,
5b1e84e51f18670004343b2f,IT,f,24-30,volunteer,0,1528727791326,1528727791328,155@0.027324232147898028 338970@0.0258295923145 49026@0.022908986487587452 374720@0.021022429346473238 399035@0.02067764365910609 273481@0.019794837027547002 290764@0.019377382318110904 954@0.019130684078710603 383498@0.019020418664425096 111@0.01885765326856471 949@0.01885172733507806 241554@0.01883964973313353 161@0.018796948868243644 157336@0.018769664844848252 2034@0.01867598452472462 7485@0.01844676014605574 6479@0.01826864674516964 64690@0.0181430126325928 163@0.018119877116937338 333339@0.018038754464044456,1528726757904,1,1,1,1,,,,,
5b1e8e761f18670004343b64,IT,f,24-30,volunteer,0,1528729780059,1528729767184,338970@0.020745477786087728 150689@0.016754934504823727 345@0.015836630758042074 299536@0.015015015015015015 268896@0.014775583365204894 283366@0.014707444101411293 278927@0.014593268072391178 185@0.014472404626272263 75@0.014429738401053362 10195@0.01440892079295803 268@0.014136057957355659 600@0.014072610888368885 76338@0.01402588844007932 399055@0.013486041905111885 127585@0.013470703178351497 672@0.013464753302948477 78@0.01337932915261995 300668@0.013370094184132365 19995@0.013252160499909882 7980@0.01325113346492925,1528729206992,1,1,1,1,,,,,
5b1f9d8f1f18670004343ba6,IT,m,18-23,volunteer,0,1528798935468,1528798935469,299536@0.02255639097744361 351286@0.020870098819719 293660@0.01986319940842438 954@0.019235880299096286 383498@0.019123790504992622 333339@0.018137790763062735 56292@0.018055220334876214 177677@0.018026185355502485 22@0.017321282110012725 956@0.01731909872232245 955@0.01693453628533617 1865@0.01686304857420473 285@0.016842897598678273 58@0.01681848463051393 284054@0.01673116627887454 44912@0.015958022567039785 76163@0.01590561379308053 27578@0.015696902257184973 166426@0.015694598984071582 118340@0.015635970836711276,1528798607536,1,1,1,1,,,,,
5b2a2e8628f9000004a869bc,IT,m,24-30,volunteer,0,1529491569757,,299536@0.030052592036063114 27205@0.019558003470349482 383498@0.01909414121738798 333339@0.018109383886378224 284053@0.01800863075487882 76341@0.017908021729789402 337339@0.017492038295597916 284052@0.01742141918569469 299534@0.017327687516231146 218@0.017229738184584138 280@0.016869238683937367 284054@0.016705816026936847 679@0.016649492273934273 118340@0.015612387170290894 141052@0.015550947621187701 283995@0.014980876997501499 102899@0.0148122841060961 99861@0.014803717731995217 24428@0.014782647518989334 268896@0.014763939879495513,1529491078818,1,1,1,1,,,,,
5bf7360c5602450004d88943,IT,m,24-30,volunteer,0,1542928215178,1542928215179,16869@0.014480983090174166 315635@0.013300941726853113 299536@0.012580120375097491 228150@0.012070551066323062 787@0.011522945531020179 72190@0.01126466046338755 383498@0.011117820874299621 369885@0.010321043876407891 338970@0.010245552174674199 157350@0.01009602462530304,1542927884901,1,1,1,1,,,,,
5c4e0dfc6267fe0004470771,IT,f,18-23,crowdsourcing,0,1548619620019,1548619620021,299534@0.024279458517287376 271110@0.023669374496388302 447332@0.023412072990649076 158015@0.018618844496213326 315635@0.018445539039799678 374720@0.018252347799303376 238636@0.017712929124202862 10185@0.01743723424460912 4970@0.01724299800248118 6479@0.016500351267476066,1548619260362,1,1,1,1,mturk,3,1548619260392,1548619623668,1
5c4e2b4d8531e300048484af,US,m,24-30,crowdsourcing,0,1548627054894,1548627054896,,1548626765135,1,1,1,1,mturk,3,1548626765150,1548627057014,1
5c55de81ebd2dc000424c6f3,US,f,18-23,crowdsourcing,0,1549131570547,1549131570555,,1549131393887,1,1,1,1,mturk,3,1549131393874,1549131572685,1
5c55dedfebd2dc000424c6fa,IN,f,< 18,crowdsourcing,0,1549132781591,1549132781593,,1549131487908,1,1,1,1,mturk,3,1549131487904,1549132797899,0.5
5c55e2ccebd2dc000424c736,IN,m,24-30,crowdsourcing,0,1549132940766,1549132940776,,1549132492739,1,1,1,1,mturk,3,1549132492733,1549132944823,0.6666666666666666
5c55e660ebd2dc000424c755,IN,m,18-23,crowdsourcing,0,1549133775319,1549133775321,,1549133408134,1,1,1,1,mturk,3,1549133408131,1549133777770,1
5c55e758ebd2dc000424c76b,IN,m,18-23,crowdsourcing,0,1549133828281,1549133828285,,1549133656673,1,1,1,1,mturk,3,1549133656670,1549133830306,1
5c55e814ebd2dc000424c783,IN,m,24-30,crowdsourcing,0,1549134002646,1549134002649,338970@0.026336510629585703 141052@0.02425267191819103 11679@0.022046624553796638 284054@0.0213762337391125 273481@0.021287297134811988 9741@0.020105411484859056 381288@0.019686618013104562 299536@0.01938521158863872 284053@0.019047995700187264 745@0.017853222060220282,1549133844691,1,1,1,1,mturk,3,1549133844689,1549134004679,1
5c55f380ebd2dc000424c7b6,IN,m,24-30,crowdsourcing,0,1549136944964,1549136944967,338970@0.026419134976658914 141052@0.024328580124507747 11679@0.022115953561827443 9741@0.020167850650961102 381288@0.019747099174435144 299536@0.019442905670747763 284053@0.01910719693002468 745@0.017908070668700222 20533@0.017693011313550364 399035@0.017379890307946344,1549136769011,1,1,1,1,mturk,3,1549136769009,1549136948903,0.6666666666666666
5c55ff97ebd2dc000424c7ea,US,f,41-50,crowdsourcing,0,1549140476642,1549140476646,,1549139863580,1,1,1,1,mturk,3,1549139863578,1549140479683,1
5c56036cebd2dc000424c7f9,US,m,31-40,crowdsourcing,0,1549141202442,1549141202444,,1549140844849,1,1,1,1,mturk,3,1549140844847,1549141205877,1
5c560374ebd2dc000424c7fa,US,m,24-30,crowdsourcing,0,1549141120148,1549141120152,,1549140852797,1,1,1,1,mturk,3,1549140852795,1549141123270,0.8333333333333334
5c56038debd2dc000424c7fb,PL,m,31-40,crowdsourcing,0,1549141450214,1549141450218,383498@0.01157612089032299 283995@0.00988150204746901 315635@0.009225660278327103 98566@0.009095086387427424 38872@0.00894633957501055 88751@0.008830729617563583 608@0.008766794358975958 607@0.008717727308014324 62764@0.008293016538121865 105@0.008272585030315608,1549140877613,1,1,1,1,mturk,3,1549140877611,1549141458398,1
5c560aaeebd2dc000424c866,US,f,24-30,crowdsourcing,0,1549143061246,1549143061255,,1549142702816,1,1,1,1,mturk,3,1549142702809,1549143074691,1
5c560accebd2dc000424c868,US,,31-40,crowdsourcing,0,1549143037183,1549143037193,,1549142732168,1,1,1,1,mturk,3,1549142732165,1549143041071,1
5c560bf5ebd2dc000424c87d,IN,m,24-30,crowdsourcing,0,1549143498950,1549143498958,299534@0.01616945030443397 283995@0.014810938374202597 271110@0.014185445840874817 315635@0.013828337453134462 7446@0.013773541549409064 27581@0.013262512620571962 954@0.013089218641211663 353486@0.012614343971237472 177677@0.012591859388215504 56292@0.012452622475559363,1549143029119,1,1,1,1,mturk,3,1549143029117,1549143529526,0.6666666666666666
5c561d10ebd2dc000424c89c,US,m,24-30,crowdsourcing,0,1549147814274,1549147814277,,1549147408623,1,1,1,1,mturk,-1,1549147408621,1549147826138,0.4166666666666667
5c56232aebd2dc000424c8ac,,,,crowdsourcing,0,1549149487914,1549149487917,,1549148970459,1,1,1,1,mturk,3,1549148970457,1549149501471,0.8333333333333334
5c562864ebd2dc000424c8b8,IE,m,31-40,crowdsourcing,0,1549150598513,1549150598516,,1549150308770,1,1,1,1,mturk,3,1549150308764,1549150600607,1
5c57fdf2358916000467d173,US,m,24-30,crowdsourcing,0,1549271094863,1549271058579,102651@0.01565669821851961 27578@0.015079150137956018 76163@0.014798368061025326 120@0.014661749902930428 141052@0.014101852905170641 121@0.013528372097462904 22@0.013521267119025928 351286@0.013338776105150356 58@0.013303633107838485 122@0.013094170471698554,1549270514900,1,1,1,1,mturk,1,1549270514891,1549271101196,
5c57fece358916000467d18b,IN,m,24-30,crowdsourcing,0,1549271320234,1549271320239,,1549270734227,1,1,1,1,mturk,3,1549270734216,1549271323076,1
5c58002c358916000467d1b7,US,m,31-40,crowdsourcing,0,1549271658080,1549271658087,,1549271084772,1,1,1,1,mturk,3,1549271084769,1549271672696,0.6666666666666666
5c5800b0358916000467d1c8,US,m,24-30,crowdsourcing,0,1549271435525,1549271435528,,1549271216510,1,1,1,1,mturk,3,1549271216508,1549271437830,1
5c58062c358916000467d1f4,IN,f,24-30,crowdsourcing,0,1549272923098,1549272922108,97630@0.05160443339971479 407448@0.0243875906564068 12162@0.019432492116435576 33909@0.011288428577213658 241239@0.011100405483747116 152601@0.010662278330610765 181283@0.010516265127039343 122081@0.01046630563659506 72477@0.01039249499068025 1359@0.010194211057255416,1549272620274,1,1,1,1,mturk,3,1549272620271,1549272926741,0.3452380952380952
5c5807bf358916000467d227,US,m,24-30,crowdsourcing,0,1549273294477,1549273273534,954@0.018863788385004156 177677@0.01814756649668314 56292@0.017946143730827945 956@0.016694700013847652 955@0.016498398758951566 10975@0.015473426167562917 338970@0.015350083681649623 27205@0.014195980873318439 135397@0.01392650435733407 8697@0.013613737254717406,1549273024115,1,1,1,1,mturk,3,1549273024112,1549273328802,1
5c580b4d358916000467d24f,IN,m,24-30,crowdsourcing,0,1549274509239,1549274509242,,1549273933954,1,1,1,1,mturk,3,1549273933952,1549274513238,0.33730158730158727
5c581819358916000467d297,IN,m,24-30,crowdsourcing,0,1549278355024,1549278355026,,1549277209986,1,1,1,1,mturk,3,1549277209984,1549278359040,0.27777777777777773
5c58317d358916000467d2c6,IN,m,31-40,crowdsourcing,0,1549284174820,1549284174821,,1549283709412,1,1,1,1,mturk,3,1549283709408,1549284201544,0.38888888888888884
5c586411358916000467d2e3,IN,m,31-40,crowdsourcing,0,1549297232252,1549297232253,,1549296658064,1,1,1,1,mturk,3,1549296658060,1549297281225,0.3333333333333333
5c586532358916000467d2f2,US,m,24-30,crowdsourcing,0,1549297231349,1549297228539,,1549296946846,1,1,1,1,mturk,1,1549296946844,1549297233025,
5c586915358916000467d325,GB,m,24-30,crowdsourcing,0,1549298573324,1549298571103,141052@0.03300812257298617 127585@0.027392951423814493 351286@0.02671930111829805 284054@0.02594510528517878 268896@0.025648756532729904 338970@0.025563280637948462 954@0.02511235678587929 284053@0.02466878918692054 9954@0.024463230699374068 333339@0.024243524773585517,1549297941638,1,1,1,1,mturk,3,1549297941636,1549298576483,0.6666666666666666
5c586ace358916000467d34d,US,f,31-40,crowdsourcing,0,1549298640675,1549298640677,,1549298382857,1,1,1,1,mturk,3,1549298382855,1549298643379,1
5c586e9c358916000467d378,US,m,24-30,crowdsourcing,0,1549299589374,1549299585616,27205@0.014229996801928628 24428@0.013775353889990802 271110@0.013649885070926803 99861@0.013616316081187326 263115@0.013454653432631785 76341@0.01340166039811983 351286@0.013401596086807264 119450@0.013332949103767231 315635@0.013306172263023596 374720@0.013166865406046988,1549299356551,1,1,1,1,mturk,3,1549299356550,1549299591445,1
5c5872c7358916000467d397,IN,m,24-30,crowdsourcing,0,1549301162378,1549301162380,,1549300423803,1,1,1,1,mturk,3,1549300423802,1549301177069,1
5c5876f8358916000467d3af,US,f,18-23,crowdsourcing,0,1549301830113,1549301830114,,1549301497015,1,1,1,1,mturk,3,1549301497008,1549301832137,1
5c587ad8358916000467d3bf,IN,m,24-30,crowdsourcing,0,1549302706838,1549302706841,,1549302488438,1,1,1,1,mturk,3,1549302488435,1549302710489,0.01
5c5890a8358916000467d3e3,US,f,31-40,crowdsourcing,0,1549308431027,1549308431029,,1549308072507,1,1,1,1,mturk,3,1549308072505,1549308433081,0.6666666666666666
5c59571ea4220600040744b8,NL,m,18-23,crowdsourcing,0,1549358982308,1549358982310,,1549358878409,1,1,1,1,mturk,3,1549358878407,1549358984288,0.8888888888888888
5c59571fa4220600040744b9,US,f,24-30,crowdsourcing,0,1549359326039,1549359326041,,1549358879142,1,1,1,1,mturk,3,1549358879141,1549359329690,1
5c595a57a4220600040744d8,IN,m,24-30,crowdsourcing,0,1549360501953,1549360501980,,1549359703414,1,1,1,1,mturk,3,1549359703412,1549360507708,0.5277777777777778
5c595cd3a422060004074582,IN,m,24-30,crowdsourcing,0,1549360911655,1549360839680,351286@0.019883889846186865 954@0.01868803880377741 284053@0.018357945990421846 333339@0.018041692854761312 177677@0.01798505097581732 56292@0.017776573868804376 76341@0.01767762339976255 956@0.01653658130811271 955@0.016344447915166642 102651@0.015549786015206499,1549360339127,1,1,1,1,mturk,3,1549360339125,1549360916547,0.4801587301587302
5c595d55a422060004074593,IN,m,24-30,crowdsourcing,0,1549360697190,1549360679634,127585@0.02274125310171911 9449@0.021783106777142017 14623@0.02145497010405849 102651@0.020827863788660736 338970@0.02037023683539667 11283@0.02017626347186587 671@0.02014680756489879 339403@0.01979059508732968 4348@0.019089714133165316 1593@0.018574525651743008,1549360469219,1,1,1,1,mturk,3,1549360469218,1549360703897,0.5277777777777778
5c5966aca4220600040746b3,IN,m,24-30,crowdsourcing,0,1549363117669,1549363106661,338970@0.015205951440507372 4348@0.014248945334480794 157336@0.013072938621810052 82695@0.013054453156643945 374720@0.013023226874344656 13885@0.013004502135207078 9833@0.012959549203176162 359940@0.012731151047756982 581@0.012650378902866579 334543@0.012595173565626488,1549362860543,1,1,1,1,mturk,3,1549362860542,1549363121184,0.47222222222222227
5c596a7ba422060004074710,IN,m,24-30,crowdsourcing,0,1549363913426,1549363906440,52451@0.021351058401486846 315635@0.017637962649380178 854@0.01743834784201425 207703@0.01693673952104621 27581@0.016908295550895146 399035@0.016775326052706076 956@0.016615264486422525 383498@0.016580385495324083 273481@0.016476545232084264 955@0.01642106251476898,1549363835363,1,1,1,1,mturk,3,1549363835361,1549363915273,0.4761904761904761
5c59777fa42206000407474f,,,,crowdsourcing,0,1549367444754,1549367444755,,1549367167315,1,1,1,1,mturk,3,1549367167314,1549367454601,1
5c5998f5a42206000407475c,IT,f,18-23,crowdsourcing,0,1549376033979,1549376033983,,1549375733158,1,1,1,1,mturk,3,1549375733156,1549376086136,1
5c599b63a422060004074786,US,f,24-30,crowdsourcing,0,1549376892736,1549376892740,,1549376355621,1,1,1,1,mturk,3,1549376355618,1549376897584,1
5c599bfda422060004074789,US,m,24-30,crowdsourcing,0,1549376700404,1549376700414,24428@0.01836713851998774 271110@0.018199846761235736 99861@0.01815508810824977 10138@0.01598489671979904 27205@0.014218640060666116 22@0.013572137198480503 58@0.013356509233068366 315635@0.013296409847570165 285@0.01290124914873191 1726@0.012861177282534273,1549376509565,1,1,1,1,mturk,3,1549376509542,1549376733139,1
5c599cf0a4220600040747ae,IT,m,24-30,crowdsourcing,0,1549377258396,1549377258400,,1549376752159,1,1,1,1,mturk,3,1549376752157,1549377265853,0.8333333333333334
5c59aeeca422060004074809,IN,m,18-23,crowdsourcing,0,1549381673014,1549381673020,,1549381356315,1,1,1,1,mturk,3,1549381356312,1549381684220,0.8333333333333334
5c59b5fca42206000407481a,IN,m,31-40,crowdsourcing,0,1549384693928,1549384693931,,1549383165081,1,1,1,1,mturk,1,1549383165075,1549384708212,
5c59e33ba42206000407487c,IT,m,41-50,crowdsourcing,0,1549395362393,1549395362397,,1549394747460,1,1,1,1,mturk,3,1549394747458,1549395365500,1
5c59e91fa42206000407488a,US,m,24-30,crowdsourcing,0,1549396679384,1549396679388,,1549396255352,1,1,1,1,mturk,3,1549396255350,1549396682556,1
5c5a9748a4220600040748a3,IN,m,24-30,crowdsourcing,0,1549441363548,1549441363554,,1549440840658,1,1,1,1,mturk,3,1549440840657,1549441367973,0.3055555555555555
5c5a974ba4220600040748a4,IN,m,24-30,crowdsourcing,0,1549447847396,1549447845570,52451@0.02213550191645351 315635@0.01828469203674001 854@0.018079083882219876 207703@0.01755857378295864 27581@0.017529443635050275 399035@0.017391047759773567 956@0.01722558233572609 383498@0.017189043502032413 273481@0.017081493722469965 955@0.017024046311555085,1549440843967,1,1,1,1,mturk,3,1549440843965,1549447848546,0.5277777777777778
5c5a99e1a4220600040748ba,IN,m,24-30,crowdsourcing,0,1549441601448,1549441578742,210479@0.021029012883687293 97630@0.01877717128837255 119450@0.01834365838191716 157336@0.018196277097883663 407448@0.018087612673523015 447332@0.017416453634773073 338970@0.015863716624682236 136418@0.015596163381100954 49026@0.015465102904685063 181283@0.014593939789000435,1549441505648,1,1,1,1,mturk,3,1549441505646,1549441604341,0.5277777777777778
5c5a9f85a422060004074909,IT,f,31-40,crowdsourcing,0,1549443703032,1549443703053,3525@0.010106962147983992 157386@0.009992548083235025 308266@0.009540411173937169 232572@0.009363205457591308 310593@0.00923108060479242 315635@0.009189333112443857 5375@0.009135494417199472 17379@0.009124812101715023 150540@0.009014134459342777 112160@0.00893578430142973,1549442949171,1,1,1,1,mturk,3,1549442949159,1549443749880,1
5c5aa169a422060004074911,IN,m,24-30,crowdsourcing,0,1549443713564,1549443712400,210577@0.02708351611647794 76203@0.023093928012566937 9509@0.02240451638474868 359940@0.02206607629801259 334543@0.021830925449321716 399035@0.02168895004444238 155@0.021214353332394534 338970@0.021068609520378607 281957@0.019911099362857322 787@0.019743293133207968,1549443434065,1,1,1,1,mturk,3,1549443434061,1549443716771,0.4801587301587302
5c5aa19fa422060004074913,IN,f,24-30,crowdsourcing,0,1549443824122,1549443824124,,1549443487587,1,1,1,1,mturk,3,1549443487585,1549443826787,0.5277777777777778
5c5aa36fa422060004074990,IN,m,24-30,crowdsourcing,0,1549444146229,1549444145273,52451@0.02213550191645351 315635@0.01828469203674001 854@0.018079083882219876 207703@0.01755857378295864 27581@0.017529443635050275 399035@0.017391047759773567 956@0.01722558233572609 383498@0.017189043502032413 273481@0.017081493722469965 955@0.017024046311555085,1549443952193,1,1,1,1,mturk,3,1549443952191,1549444147609,0.5277777777777778
5c5aa6cba4220600040749e2,IN,m,24-30,crowdsourcing,0,1549444928160,1549444928164,,1549444812064,1,1,1,1,mturk,3,1549444812062,1549444930077,0.5277777777777778
5c5aa74aa422060004074a0a,IN,m,24-30,crowdsourcing,0,1549445073108,1549445071977,315635@0.031951532419416395 159824@0.02989737383294919 383498@0.028582243236635885 351286@0.027528017325373362 137116@0.026177072819862215 608@0.02599390326244906 333339@0.02497751896940596 283995@0.024401427052141787 293660@0.024026501839999163 109451@0.023962697097427085,1549444938765,1,1,1,1,mturk,3,1549444938762,1549445075380,0.6388888888888888
5c5aa80da422060004074a3d,IN,f,24-30,crowdsourcing,0,1549445236716,1549445207617,383498@0.0229010541029391 315635@0.018258018525380795 854@0.01805006448594023 52451@0.0176659353424358 207703@0.01753133006878803 27581@0.017501530508242873 399035@0.017364435597937645 273481@0.0170549696638947 155@0.01698363988845568 1574@0.016963972316678875,1549445133620,1,1,1,1,mturk,3,1549445133617,1549445238257,0.5277777777777778
5c5ab18e98423b0004d4bdbb,BD,m,24-30,crowdsourcing,0,1549448211140,1549448211150,,1549447566678,1,1,1,1,mturk,3,1549447566668,1549448213858,1
5c5ab19d98423b0004d4bdbd,IN,f,31-40,crowdsourcing,0,1549447695414,1549447694280,259316@0.061902808408975385 12444@0.037985191633109795 671@0.03666123626092763 672@0.03547489511921876 767@0.03497918341816128 675@0.03439811163007156 673@0.031568862978658595 674@0.030329290553501167 12445@0.029940050639254867 338970@0.026439527707803723,1549447581462,1,1,1,1,mturk,3,1549447581460,1549447697902,0.5833333333333334
5c5ab2ff98423b0004d4be32,IN,m,18-23,crowdsourcing,0,1549448340075,1549448340078,,1549447935884,1,1,1,1,mturk,3,1549447935877,1549448343822,0.4444444444444444
5c5ab36f98423b0004d4be38,IN,m,24-30,crowdsourcing,0,1549448120666,1549448119929,159824@0.029969415697606902 383498@0.028648405836720688 351286@0.027592435462640227 315635@0.02742703805511001 137116@0.02624045556276745 608@0.02605444806818458 333339@0.02503587765858681 283995@0.02445701116843368 293660@0.024082204703615852 135397@0.02395250427087972,1549448047483,1,1,1,1,mturk,3,1549448047480,1549448122217,0.5277777777777778
5c5ab3b598423b0004d4be61,IN,m,24-30,crowdsourcing,0,1549448610589,1549448610591,,1549448117115,1,1,1,1,mturk,3,1549448117113,1549448613204,0.8333333333333334
5c5ab63c98423b0004d4be96,IN,f,24-30,crowdsourcing,0,1549449060706,1549449060709,,1549448764313,1,1,1,1,mturk,3,1549448764306,1549449078399,1
5c5abfb498423b0004d4becc,IN,f,31-40,crowdsourcing,0,1549452053162,1549452053165,,1549451188626,1,1,1,1,mturk,3,1549451188619,1549452076457,0.6666666666666666
5c5b78f745fb330004f958d8,US,m,31-40,crowdsourcing,0,1549498948623,1549498948627,,1549498616064,1,1,1,1,mturk,3,1549498616061,1549499066716,1.1666666666666667
5c5b7aa745fb330004f958eb,US,f,24-30,crowdsourcing,0,1549499502457,1549499501354,158015@0.018526854166148375 447332@0.01745805344441027 9954@0.01690801083006825 440@0.01477685723710967 408220@0.014643635799937082 127585@0.014188318995347109 919@0.01399123257163503 36648@0.013937346886208467 12180@0.013738097051330053 2114@0.013475732686764183,1549499048016,1,1,1,1,mturk,3,1549499048010,1549499504900,1.0555555555555556
5c5b7cdd45fb330004f9591c,IN,m,24-30,crowdsourcing,0,1549499814896,1549499814899,338970@0.026171420172545187 381288@0.024473895267318135 141052@0.024100775984057316 11679@0.021908304719327205 9741@0.0199798511245561 299536@0.019266003085229078 87516@0.01849666933008239 397837@0.018346888717617214 745@0.01774216745276323 20533@0.017526814434857447,1549499613925,1,1,1,1,mturk,3,1549499613923,1549499817403,0.8222222222222223
5c5b7ed245fb330004f95953,MX,f,51-60,crowdsourcing,0,1549501036919,1549501036923,,1549500114649,1,1,1,1,mturk,3,1549500114646,1549501039959,1
5c5b7fc645fb330004f9595b,US,m,< 18,crowdsourcing,0,1549501106345,1549501106352,,1549500358739,1,1,1,1,mturk,3,1549500358737,1549501114091,1
5c5b813245fb330004f95961,US,m,24-30,crowdsourcing,0,1549501023340,1549501023346,,1549500722406,1,1,1,1,mturk,3,1549500722404,1549501028069,0.9888888888888889
5c5b854e45fb330004f95989,US,f,24-30,crowdsourcing,0,1549502112816,1549502112820,,1549501774134,1,1,1,1,mturk,3,1549501774130,1549502117510,1
5c5b889345fb330004f95997,US,f,31-40,crowdsourcing,0,1549503028399,1549503028402,,1549502611114,1,1,1,1,mturk,3,1549502611112,1549503039026,0.9333333333333332
5c5bda6a45fb330004f959a3,IN,m,24-30,crowdsourcing,0,1549524549180,1549524549185,,1549523562765,1,1,1,1,mturk,3,1549523562763,1549524564339,0.41111111111111115
5c5bdbeb45fb330004f959ab,IN,m,24-30,crowdsourcing,0,1549524633207,1549524633216,,1549523947564,1,1,1,1,mturk,3,1549523947561,1549524644515,0.5444444444444444
5c5bdf0545fb330004f959ce,IN,m,24-30,crowdsourcing,0,1549525082320,1549525082323,,1549524741779,1,1,1,1,mturk,3,1549524741777,1549525091384,0.7555555555555555
5c5bdf7e45fb330004f959d1,IN,m,31-40,crowdsourcing,0,1549525104671,1549525104675,,1549524862487,1,1,1,1,mturk,3,1549524862485,1549525111011,1.0999999999999999
5c5be5d845fb330004f959f2,IN,f,24-30,crowdsourcing,0,1549526702296,1549526702301,,1549526488800,1,1,1,1,mturk,3,1549526488794,1549526705559,0.7444444444444445
5c5be89945fb330004f95a1d,IN,m,24-30,crowdsourcing,0,1549527329587,1549527324963,647@0.021064263533729553 299536@0.01966322470620763 284053@0.019329483206761904 10515@0.018525591399926964 303857@0.018143500669435136 129@0.01778304158868853 390734@0.017643316444621134 62177@0.016989663909285826 2114@0.016974801005251776 14282@0.01639009252843212,1549527193714,1,1,1,1,mturk,3,1549527193712,1549527331763,0.5444444444444444
5c5beb2345fb330004f95a52,IN,m,31-40,crowdsourcing,0,1549528280142,1549528280144,,1549527843520,1,1,1,1,mturk,3,1549527843517,1549528291668,1
5c5bf68545fb330004f95a68,IN,m,24-30,crowdsourcing,0,1549530971975,1549530971980,,1549530757253,1,1,1,1,mturk,3,1549530757250,1549530974256,0.4777777777777778
5c5c022345fb330004f95a74,IN,m,24-30,crowdsourcing,0,1549533921513,1549533915835,447332@0.023364359135592292 281957@0.020112205243415775 177677@0.01886020250974327 56292@0.018645429985745886 13186@0.018615769549152273 158015@0.01858001020097426 280092@0.018341816602098333 238636@0.017678088667318726 10185@0.017400582483477114 126889@0.017193340148302434,1549533731261,1,1,1,1,mturk,3,1549533731257,1549533922597,0.6777777777777777
5c5c06a145fb330004f95ac1,IN,m,24-30,crowdsourcing,0,1549535046028,1549535046031,,1549534881233,1,1,1,1,mturk,3,1549534881231,1549535047656,0.7111111111111111
5c5c0e3d45fb330004f95aed,US,f,24-30,crowdsourcing,0,1549537074620,1549537074622,,1549536829828,1,1,1,1,mturk,3,1549536829825,1549537082347,1
5c5c0ee645fb330004f95af2,IN,m,24-30,crowdsourcing,0,1549537932229,1549537932231,,1549536998758,1,1,1,1,mturk,3,1549536998754,1549537940549,1
5c5c0fb545fb330004f95b06,US,m,24-30,crowdsourcing,0,1549537796928,1549537796930,,1549537205930,1,1,1,1,mturk,3,1549537205929,1549537805926,0.611111111111111
5c5c137745fb330004f95b3c,IN,f,24-30,crowdsourcing,0,1549539499949,1549539499951,,1549538168024,1,1,1,1,mturk,3,1549538168021,1549539505243,0.5444444444444444
5c5c185545fb330004f95b8b,,,,crowdsourcing,0,1549539750621,1549539750624,,1549539413410,1,1,1,1,mturk,3,1549539413407,1549539755747,1.2333333333333334
5c5c25a245fb330004f95bac,IN,f,31-40,crowdsourcing,0,1549543804637,1549543804639,,1549542818883,1,1,1,1,mturk,1,1549542818882,1549543811658,
5c5c2cc745fb330004f95bbe,IN,f,24-30,crowdsourcing,0,1549544892811,1549544892813,,1549544647268,1,1,1,1,mturk,1,1549544647265,1549544896572,
5c5c33c345fb330004f95bcd,IN,f,24-30,crowdsourcing,0,1549546902502,1549546809461,150689@0.020961798401285547 767@0.013239481962102973 675@0.013019320977111266 12445@0.012960501458170643 12444@0.012769741340909002 12155@0.012423670215159086 10191@0.011868368955599314 241259@0.011851404074336333 82702@0.011841813193784271 118@0.011775425326878468,1549546435652,1,1,1,1,mturk,1,1549546435651,1549546909461,
5c5c371b45fb330004f95be8,US,f,18-23,crowdsourcing,0,1549547945733,1549547945737,,1549547291854,1,1,1,1,mturk,1,1549547291851,1549547950716,
5c5c535745fb330004f95bff,,,,crowdsourcing,0,1549555221576,1549555221578,,1549554519557,1,1,1,1,mturk,1,1549554519555,1549555224148,
5c5c693408ef9d000410d0fb,,,,crowdsourcing,0,1549561112497,1549561112504,,1549560116955,1,1,1,1,mturk,1,1549560116942,1549561122039,
5c5ca2500002f60004e8260e,US,m,24-30,crowdsourcing,0,1549575133818,1549575133820,,1549574737077,1,1,1,1,mturk,2,1549574737075,1549575177597,1
5c5ca2560002f60004e8260f,US,f,31-40,crowdsourcing,0,1549574976529,1549574976531,,1549574742420,1,1,1,1,mturk,2,1549574742419,1549574981971,1
5c5ca2da0002f60004e82616,CA,f,18-23,crowdsourcing,0,1549575344186,1549575344188,,1549574874603,1,1,1,1,mturk,2,1549574874601,1549575347598,1
5c5ca3890002f60004e8262e,US,m,24-30,crowdsourcing,0,1549575235610,1549575235611,,1549575049592,1,1,1,1,mturk,2,1549575049590,1549575243657,1
5c5cac6c0002f60004e82686,IN,f,24-30,crowdsourcing,0,1549577910936,1549577910939,,1549577324705,1,1,1,1,mturk,2,1549577324703,1549577914105,0.5
5c5ccef30002f60004e826ad,US,m,41-50,crowdsourcing,0,1549587017164,1549587017165,,1549586163883,1,1,1,1,mturk,2,1549586163882,1549587024109,1
5c5ce3670002f60004e826bf,IN,m,24-30,crowdsourcing,0,1549591719017,1549591719018,337339@0.013705348030365633 168259@0.012295037720544171 102651@0.010955073566363265 13836@0.010489501989173282 22@0.009460084898013064 58@0.009310183030426723 8814@0.009272639625769873 12096@0.009257494462293727 177572@0.009233378089741971 9806@0.00909213371748791,1549591399441,1,1,1,1,mturk,2,1549591399439,1549591735886,0.9
5c5d25da0002f60004e826d9,US,m,31-40,crowdsourcing,0,1549608944275,1549608944276,,1549608410461,1,1,1,1,mturk,2,1549608410460,1549608954053,1
5c5d26210002f60004e826db,US,m,< 18,crowdsourcing,0,1549609114034,1549609114035,,1549608481308,1,1,1,1,mturk,2,1549608481306,1549609117966,1
5c5d29f70002f60004e826f9,IN,m,24-30,crowdsourcing,0,1549609675570,1549609674550,284053@0.019329483206761904 118406@0.018714883373756173 10515@0.018525591399926964 303857@0.018143500669435136 347201@0.018055035173944325 129@0.01778304158868853 390734@0.017643316444621134 647@0.017539498859150307 62177@0.016989663909285826 2114@0.016974801005251776,1549609463751,1,1,1,1,mturk,2,1549609463749,1549609677331,1
5c5d2c530002f60004e82728,IN,m,24-30,crowdsourcing,0,1549610176912,1549610176009,284053@0.019329483206761904 118406@0.018714883373756173 10515@0.018525591399926964 303857@0.018143500669435136 347201@0.018055035173944325 129@0.01778304158868853 390734@0.017643316444621134 647@0.017539498859150307 62177@0.016989663909285826 2114@0.016974801005251776,1549610067982,1,1,1,1,mturk,2,1549610067981,1549610178685,1
5c5d2d9e0002f60004e82759,IN,m,24-30,crowdsourcing,0,1549610804168,1549610804170,102651@0.016482205040626148 10515@0.011174570705250958 8856@0.009549753364294155 177572@0.00925369524091991 14140@0.009131401523165108 9806@0.009112095789082007 10196@0.00908998679524317 88751@0.008889388994883422 321612@0.00870075301875643 62177@0.008540087264254774,1549610398912,1,1,1,1,mturk,2,1549610398909,1549610807929,1
5c5d35950002f60004e8277d,IN,m,31-40,crowdsourcing,0,1549613129785,1549613127393,299536@0.019842294143323513 284053@0.01950878441091302 338970@0.016160684983835657 27205@0.014945947923968906 10195@0.014624432464266453 76338@0.014536511535400282 24428@0.014468430649692122 99861@0.014301391201869004 351286@0.014075868041259133 284052@0.013421290502940554,1549612437818,1,1,1,1,mturk,2,1549612437816,1549613133116,0.4
5c5d36950002f60004e82780,US,f,41-50,crowdsourcing,0,1549613225069,1549613225073,,1549612693646,1,1,1,1,mturk,2,1549612693644,1549613228616,0.9
5c6345496611060004222ef6,IT,m,41-50,volunteer,0,1550010202675,1550010202676,,1550009673925,0,1,1,1,,,,,
5c63cba1d2b78f0004c87ef1,IT,f,24-30,volunteer,0,1550044925840,1550044925844,,1550044065205,0,1,1,1,,,,,
5c63d712d2b78f0004c87efe,IT,f,24-30,volunteer,0,1550047529264,1550047529267,206647@0.019865956124284503 10764@0.015830561943570944 4147@0.009314853598501985 88794@0.009062497303750675 449443@0.008809851919298313 156022@0.008676386192622761 337339@0.008553681256201328 1865@0.008374893981844312 207703@0.008340585551826013 27581@0.008327946807318923,1550046994431,0,1,1,1,,,,,
5c63d8fcd2b78f0004c87f0a,IT,f,24-30,volunteer,0,1550074954146,,,1550047484126,1,1,1,1,,,,,
5c640581d2b78f0004c87f17,IT,m,24-30,volunteer,0,1550059287509,1550059287512,862@0.008203521436676572 354287@0.008186377467451059 920@0.007441016663755092 10193@0.007400713020301723 857@0.007254108330918743 863@0.007216889678053078 16869@0.007084283772279123 35@0.0070747451269344095 8290@0.006921633597224498 9595@0.006672318270153838,1550058881617,0,1,1,1,,,,,
5c667aa4d4eee4000402a8d2,IT,f,< 18,volunteer,0,1550220141457,,,1550219940947,0,1,1,1,,,,,
5c669220d4eee4000402a8df,IT,f,24-30,volunteer,0,1550227679165,1550227012055,299536@0.013018202950580387 447332@0.01164045725309627 8587@0.009228580735161305 315635@0.009169351565636103 150540@0.008994197818211662 270946@0.008660879879566565 273481@0.00856840975115193 205596@0.008422798824842488 372058@0.008397800859201776 350@0.008360065739852351,1550225952734,0,1,1,1,,,,,
5c66f933d4eee4000402a901,IT,m,24-30,volunteer,0,1550252683538,1550252674659,207703@0.013221856987301047 291805@0.012644575704777892 4327@0.011733815627327341 58233@0.011608193690149123 772@0.011426706914587215 39514@0.011327025396913092 817@0.011256766018665258 943@0.01030180016958949 941@0.010050039255095298 9401@0.009988382828236256,1550252339323,1,1,1,1,,,,,
5c66fbfed4eee4000402a91d,IT,f,24-30,volunteer,0,1550253268864,1550253268873,954@0.013039334237952838 177677@0.012543098257851626 56292@0.012405443302330602 27578@0.011754080048046268 956@0.011540436821613117 955@0.011404333387694879 1367@0.011330837808975494 7555@0.011231929934796546 1246@0.01103166587372535 1371@0.010830193424860057,1550253054838,0,1,1,1,,,,,
5c6fa7dc1b6d8d000420dd77,,,,volunteer,0,,,,1550821340623,1,1,1,1,,,,,
5c76a20617230c0004d1582a,IT,m,51-60,volunteer,0,1551278790021,1551278790027,82690@0.01946183598268424 269149@0.013731465296015618 159824@0.011692053106932079 335797@0.011239446742117885 7443@0.009426104194992959 76492@0.009156100663651344 177572@0.008872311074940933 5559@0.008792139216724604 150540@0.008735602479077946 425@0.008513918018072254,1551278598537,1,1,1,1,,,,,
